{
  "data": [
    {
      "tags": [],
      "likes": [],
      "createdAt": "2022-09-24T05:25:36.246Z",
      "_id": "632e94d0706a140015bf7c1b",
      "title": "564",
      "number": "3",
      "college": "fgfg fg",
      "year": "3",
      "branch": "IT",
      "selectedFile": "",
      "name": "Creative IoT",
      "email": "creativeiot71@gmail.com",
      "creator": "108658212794244032089",
      "__v": 0
    },
    {
      "tags": [],
      "likes": [],
      "createdAt": "2022-09-13T06:00:04.602Z",
      "_id": "63201c64dff8b300154003b0",
      "title": "12",
      "number": "7007999702",
      "college": "xyz",
      "year": "3",
      "branch": "Textile",
      "selectedFile": "",
      "name": "test testing",
      "email": "testing@123",
      "creator": "63201c2edff8b300154003af",
      "__v": 0
    },
    {
      "tags": ["Mechatronics", "CAD/CAM"],
      "likes": ["108658212794244032089"],
      "createdAt": "2022-08-28T08:28:29.424Z",
      "_id": "630b272d22cdf60015576bea",
      "title": "300",
      "number": "2",
      "college": "VJTI",
      "year": "3",
      "branch": "Production",
      "selectedFile": "",
      "name": "Knight",
      "email": "adityavartak007@gmail.com",
      "creator": "113494645876879616921",
      "__v": 0
    },
    {
      "tags": [],
      "likes": ["109542146959098682657"],
      "createdAt": "2022-08-22T07:40:08.857Z",
      "_id": "630332d85763520015987bc9",
      "title": "111",
      "number": "2212331",
      "college": "VJTI",
      "year": "2",
      "branch": "IT",
      "selectedFile": "",
      "name": "BOSCO HUI",
      "email": "boscouuu@gmail.com",
      "creator": "107896256389425539374",
      "__v": 0
    },
    {
      "tags": [],
      "likes": ["62fc6c22cc5feb00151b0d56"],
      "createdAt": "2022-08-17T04:22:25.359Z",
      "_id": "62fc6d01cc5feb00151b0d57",
      "title": "840",
      "number": "9316464111",
      "college": "VJTI",
      "year": "2",
      "branch": "Civil",
      "selectedFile": "",
      "name": "harsh rana",
      "email": "dapaxer570@syswift.com",
      "creator": "62fc6c22cc5feb00151b0d56",
      "__v": 0
    },
    {
      "tags": [],
      "likes": ["101320543078671859683"],
      "createdAt": "2022-08-15T08:55:54.265Z",
      "_id": "62fa0a1a7a5b7f0015f96775",
      "title": "25",
      "number": "65421",
      "college": "VJTI",
      "year": "2",
      "branch": "Electronics",
      "selectedFile": "",
      "name": "Detolatemi Ajagunna",
      "email": "detolaventures@gmail.com",
      "creator": "108050209050156337258",
      "__v": 0
    },
    {
      "tags": ["veg"],
      "likes": ["108050209050156337258", "101320543078671859683"],
      "createdAt": "2022-08-10T09:14:31.170Z",
      "_id": "62f376f74517fc001526bb5c",
      "title": "30",
      "number": "234",
      "college": "SPIT",
      "year": "1",
      "branch": "IT",
      "selectedFile": "",
      "name": "Roshini G",
      "email": "roshinig@gmail.com",
      "creator": "62f35e7ebfbd2f001570bcbc",
      "__v": 0
    },
    {
      "tags": [],
      "likes": [
        "108050209050156337258",
        "62fc6c22cc5feb00151b0d56",
        "101320543078671859683"
      ],
      "createdAt": "2022-08-10T09:13:02.992Z",
      "_id": "62f3769e4517fc001526bb5b",
      "title": "40000",
      "number": "123",
      "college": "SPIT",
      "year": "1",
      "branch": "IT",
      "selectedFile": "",
      "name": "Roshini G",
      "email": "roshinig@gmail.com",
      "creator": "62f35e7ebfbd2f001570bcbc",
      "__v": 0
    }
  ],
  "currentPage": 1,
  "numberOfPages": 1
}
